server,clients,run,reqs_ok,errors,seconds,throughput,avg_us,p50_us,p95_us,p99_us,max_us,avg_connect_us,peak_threads,peak_rss_kb
basic,10,1,200000,0,2.913,68665,131.1,44,552,1130,8722,54.6,16,4332
basic,10,2,200000,0,2.944,67932,133.2,44,561,1186,6147,53.7,15,4396
basic,10,3,200000,0,3.012,66398,136.5,46,561,1190,23484,46.5,15,4372
basic,50,1,200000,0,4.586,43607,1130.4,261,5483,7505,17586,30.6,61,4860
basic,50,2,200000,0,4.744,42160,1169.8,266,5706,7812,15679,31.6,69,4864
basic,50,3,200000,0,4.555,43909,1123.8,260,5484,7245,16419,29.5,69,4792
basic,100,1,200000,0,4.534,44107,2243.5,325,11344,13628,24377,30.1,103,5196
basic,100,2,200000,0,4.765,41975,2356.8,341,12038,14703,26852,30.7,120,5504
basic,100,3,200000,0,4.697,42579,2322.8,330,11738,14442,27045,30.6,108,5296
basic,250,1,200000,0,4.748,42121,5875.6,350,30150,33756,41741,31.2,103,5140
basic,250,2,200000,0,4.746,42142,5861.3,379,29793,33972,70661,31.5,118,5368
basic,250,3,200000,0,4.811,41570,5957.3,368,30297,35339,63534,32.1,88,5072
basic,500,1,200000,0,4.815,41533,11864.1,368,61657,66315,76511,81.1,104,5188
basic,500,2,200000,0,4.748,42127,11720.2,372,61625,66870,78599,89.6,120,5404
basic,500,3,200000,0,4.668,42846,11506.8,371,59251,63993,79393,102.2,100,5008
basic,1000,1,200000,0,5.055,39561,24747.6,339,128874,136087,209806,156.7,93,5044
basic,1000,2,200000,0,4.943,40460,24141.1,374,124986,144694,157828,145.1,107,5164
basic,1000,3,200000,0,4.977,40183,24221.7,376,128411,140174,187829,250.2,113,5160
pool,10,1,200000,0,1.701,117554,77.2,48,212,399,27577,24.0,10,4000
pool,10,2,200000,0,1.834,109043,83.3,46,231,643,12107,25.4,10,4048
pool,10,3,200000,0,2.162,92526,93.8,45,206,397,146237,35.8,10,4000
pool,50,1,200000,0,2.762,72416,677.9,93,3290,4009,10602,31.4,10,4016
pool,50,2,200000,0,2.877,69522,705.9,97,3409,4297,8520,33.3,10,4020
pool,50,3,200000,0,2.721,73505,667.9,92,3233,4048,12487,30.0,10,4060
pool,100,1,200000,0,2.839,70442,1402.3,95,7204,8272,13551,31.4,10,3996
pool,100,2,200000,0,3.086,64806,1524.5,103,7873,9197,16760,36.2,10,4024
pool,100,3,200000,0,2.868,69740,1416.8,95,7173,8320,25152,32.4,10,4004
pool,250,1,200000,0,3.006,66534,3705.0,100,19425,21619,25827,34.0,10,4056
pool,250,2,200000,0,2.856,70022,3528.3,96,18354,20536,27851,31.2,10,4008
pool,250,3,200000,0,2.919,68516,3591.6,97,18685,21138,50813,40.0,10,4028
pool,500,1,200000,0,2.926,68356,7173.6,97,37711,41336,46480,87.6,10,4072
pool,500,2,200000,0,2.849,70204,6965.6,95,36950,42139,48898,116.5,10,4036
pool,500,3,200000,0,2.938,68074,7181.5,98,37222,42694,54644,119.1,10,4068
pool,1000,1,200000,0,2.929,68288,14130.8,97,73138,86146,107007,178.0,10,4096
pool,1000,2,200000,0,3.022,66172,14541.2,98,77933,86798,95210,120.6,10,4088
pool,1000,3,200000,0,3.007,66503,14398.7,98,75909,83720,93815,170.2,10,4088
